<?xml version="1.0" encoding="UTF-8"?>
<export version="E">
  <design>
    <source>/Users/rota/Documents/KiCad/6.0/projects/STM32 PCB/STM32_PCB/STM32_PCB.kicad_sch</source>
    <date>2023 April 01, Saturday 09:10:45</date>
    <tool>Eeschema (6.0.11-0)</tool>
    <sheet number="1" name="/" tstamps="/">
      <title_block>
        <title>STM32 Demo PCB</title>
        <company/>
        <rev>0.1</rev>
        <date>2023-03-31</date>
        <source>STM32_PCB.kicad_sch</source>
        <comment number="1" value=""/>
        <comment number="2" value=""/>
        <comment number="3" value=""/>
        <comment number="4" value=""/>
        <comment number="5" value=""/>
        <comment number="6" value=""/>
        <comment number="7" value=""/>
        <comment number="8" value=""/>
        <comment number="9" value=""/>
      </title_block>
    </sheet>
  </design>
  <components>
    <comp ref="C1">
      <value>22u</value>
      <footprint>Capacitor_SMD:C_0805_2012Metric</footprint>
      <libsource lib="Device" part="C" description="Unpolarized capacitor"/>
      <property name="Sheetname" value=""/>
      <property name="Sheetfile" value="STM32_PCB.kicad_sch"/>
      <sheetpath names="/" tstamps="/"/>
      <tstamps>29fd346e-a223-4551-b7d8-b5663e6a5cda</tstamps>
    </comp>
    <comp ref="C2">
      <value>22u</value>
      <footprint>Capacitor_SMD:C_0805_2012Metric</footprint>
      <libsource lib="Device" part="C" description="Unpolarized capacitor"/>
      <property name="Sheetname" value=""/>
      <property name="Sheetfile" value="STM32_PCB.kicad_sch"/>
      <sheetpath names="/" tstamps="/"/>
      <tstamps>e9efacf2-07ed-4d28-9ae5-edf62cddcca5</tstamps>
    </comp>
    <comp ref="C3">
      <value>10u</value>
      <footprint>Capacitor_SMD:C_0603_1608Metric</footprint>
      <libsource lib="Device" part="C" description="Unpolarized capacitor"/>
      <property name="Sheetname" value=""/>
      <property name="Sheetfile" value="STM32_PCB.kicad_sch"/>
      <sheetpath names="/" tstamps="/"/>
      <tstamps>aefd974b-d3ec-46b7-a163-991631e04325</tstamps>
    </comp>
    <comp ref="C4">
      <value>100n</value>
      <footprint>Capacitor_SMD:C_0402_1005Metric</footprint>
      <libsource lib="Device" part="C" description="Unpolarized capacitor"/>
      <property name="Sheetname" value=""/>
      <property name="Sheetfile" value="STM32_PCB.kicad_sch"/>
      <sheetpath names="/" tstamps="/"/>
      <tstamps>c81df6fd-a98a-446f-9e12-0495a4490197</tstamps>
    </comp>
    <comp ref="C5">
      <value>100n</value>
      <footprint>Capacitor_SMD:C_0402_1005Metric</footprint>
      <libsource lib="Device" part="C" description="Unpolarized capacitor"/>
      <property name="Sheetname" value=""/>
      <property name="Sheetfile" value="STM32_PCB.kicad_sch"/>
      <sheetpath names="/" tstamps="/"/>
      <tstamps>f286264c-4b5a-4ade-be6b-a50f600ce2ef</tstamps>
    </comp>
    <comp ref="C6">
      <value>100n</value>
      <footprint>Capacitor_SMD:C_0402_1005Metric</footprint>
      <libsource lib="Device" part="C" description="Unpolarized capacitor"/>
      <property name="Sheetname" value=""/>
      <property name="Sheetfile" value="STM32_PCB.kicad_sch"/>
      <sheetpath names="/" tstamps="/"/>
      <tstamps>ba1cb89f-bbca-45b9-ab9a-79d036fb434b</tstamps>
    </comp>
    <comp ref="C7">
      <value>100n</value>
      <footprint>Capacitor_SMD:C_0402_1005Metric</footprint>
      <libsource lib="Device" part="C" description="Unpolarized capacitor"/>
      <property name="Sheetname" value=""/>
      <property name="Sheetfile" value="STM32_PCB.kicad_sch"/>
      <sheetpath names="/" tstamps="/"/>
      <tstamps>8f4de7d6-6b0f-4f17-9d53-caf66f30a141</tstamps>
    </comp>
    <comp ref="C8">
      <value>10n</value>
      <footprint>Capacitor_SMD:C_0402_1005Metric</footprint>
      <libsource lib="Device" part="C" description="Unpolarized capacitor"/>
      <property name="Sheetname" value=""/>
      <property name="Sheetfile" value="STM32_PCB.kicad_sch"/>
      <sheetpath names="/" tstamps="/"/>
      <tstamps>2ac4d74b-674c-4569-955c-0657ccfbf7f2</tstamps>
    </comp>
    <comp ref="C9">
      <value>1u</value>
      <footprint>Capacitor_SMD:C_0402_1005Metric</footprint>
      <libsource lib="Device" part="C" description="Unpolarized capacitor"/>
      <property name="Sheetname" value=""/>
      <property name="Sheetfile" value="STM32_PCB.kicad_sch"/>
      <sheetpath names="/" tstamps="/"/>
      <tstamps>7224e181-084c-4616-8d6c-17a690fcb94b</tstamps>
    </comp>
    <comp ref="C10">
      <value>1u</value>
      <footprint>Capacitor_SMD:C_0402_1005Metric</footprint>
      <libsource lib="Device" part="C" description="Unpolarized capacitor"/>
      <property name="Sheetname" value=""/>
      <property name="Sheetfile" value="STM32_PCB.kicad_sch"/>
      <sheetpath names="/" tstamps="/"/>
      <tstamps>bf6f2fb5-05ce-4d67-8cf1-0464b5edf683</tstamps>
    </comp>
    <comp ref="C11">
      <value>100n</value>
      <footprint>Capacitor_SMD:C_0402_1005Metric</footprint>
      <libsource lib="Device" part="C" description="Unpolarized capacitor"/>
      <property name="Sheetname" value=""/>
      <property name="Sheetfile" value="STM32_PCB.kicad_sch"/>
      <sheetpath names="/" tstamps="/"/>
      <tstamps>081956cf-19a3-4c1b-ad50-3623e9d69399</tstamps>
    </comp>
    <comp ref="C12">
      <value>10p</value>
      <footprint>Capacitor_SMD:C_0402_1005Metric</footprint>
      <libsource lib="Device" part="C" description="Unpolarized capacitor"/>
      <property name="Sheetname" value=""/>
      <property name="Sheetfile" value="STM32_PCB.kicad_sch"/>
      <sheetpath names="/" tstamps="/"/>
      <tstamps>9ca6a228-6582-4bc1-927b-7181ffa55d23</tstamps>
    </comp>
    <comp ref="C13">
      <value>10p</value>
      <footprint>Capacitor_SMD:C_0402_1005Metric</footprint>
      <libsource lib="Device" part="C" description="Unpolarized capacitor"/>
      <property name="Sheetname" value=""/>
      <property name="Sheetfile" value="STM32_PCB.kicad_sch"/>
      <sheetpath names="/" tstamps="/"/>
      <tstamps>b389086a-aaa7-4f85-a517-a5ac1f6e7a5b</tstamps>
    </comp>
    <comp ref="D1">
      <value>RED</value>
      <footprint>LED_SMD:LED_0603_1608Metric</footprint>
      <libsource lib="Device" part="LED" description="Light emitting diode"/>
      <property name="Sheetname" value=""/>
      <property name="Sheetfile" value="STM32_PCB.kicad_sch"/>
      <sheetpath names="/" tstamps="/"/>
      <tstamps>87c8571a-a772-4438-bb64-7dcd2cdd6b7a</tstamps>
    </comp>
    <comp ref="FB1">
      <value>120R</value>
      <footprint>Inductor_SMD:L_0603_1608Metric</footprint>
      <libsource lib="Device" part="FerriteBead_Small" description="Ferrite bead, small symbol"/>
      <property name="Sheetname" value=""/>
      <property name="Sheetfile" value="STM32_PCB.kicad_sch"/>
      <sheetpath names="/" tstamps="/"/>
      <tstamps>1f766f99-984e-46d3-8145-9305e8272cc7</tstamps>
    </comp>
    <comp ref="H1">
      <value>MountingHole</value>
      <footprint>MountingHole:MountingHole_2.2mm_M2</footprint>
      <libsource lib="Mechanical" part="MountingHole" description="Mounting Hole without connection"/>
      <property name="Sheetname" value=""/>
      <property name="Sheetfile" value="STM32_PCB.kicad_sch"/>
      <sheetpath names="/" tstamps="/"/>
      <tstamps>aeb8a912-092c-4af1-b5e5-34581d4e9539</tstamps>
    </comp>
    <comp ref="H2">
      <value>MountingHole</value>
      <footprint>MountingHole:MountingHole_2.2mm_M2</footprint>
      <libsource lib="Mechanical" part="MountingHole" description="Mounting Hole without connection"/>
      <property name="Sheetname" value=""/>
      <property name="Sheetfile" value="STM32_PCB.kicad_sch"/>
      <sheetpath names="/" tstamps="/"/>
      <tstamps>8809121c-9c12-4918-856f-d5735d504aad</tstamps>
    </comp>
    <comp ref="H3">
      <value>MountingHole</value>
      <footprint>MountingHole:MountingHole_2.2mm_M2</footprint>
      <libsource lib="Mechanical" part="MountingHole" description="Mounting Hole without connection"/>
      <property name="Sheetname" value=""/>
      <property name="Sheetfile" value="STM32_PCB.kicad_sch"/>
      <sheetpath names="/" tstamps="/"/>
      <tstamps>d3db5c12-7779-484c-8a10-3098dc9623b2</tstamps>
    </comp>
    <comp ref="H4">
      <value>MountingHole</value>
      <footprint>MountingHole:MountingHole_2.2mm_M2</footprint>
      <libsource lib="Mechanical" part="MountingHole" description="Mounting Hole without connection"/>
      <property name="Sheetname" value=""/>
      <property name="Sheetfile" value="STM32_PCB.kicad_sch"/>
      <sheetpath names="/" tstamps="/"/>
      <tstamps>c5fcb1bd-cd4f-4c86-b73d-406b823384aa</tstamps>
    </comp>
    <comp ref="J1">
      <value>USB_B_Micro</value>
      <footprint>Connector_USB:USB_Micro-B_Wuerth_629105150521</footprint>
      <libsource lib="Connector" part="USB_B_Micro" description="USB Micro Type B connector"/>
      <property name="Sheetname" value=""/>
      <property name="Sheetfile" value="STM32_PCB.kicad_sch"/>
      <sheetpath names="/" tstamps="/"/>
      <tstamps>692d3d0d-8b3e-466c-abff-6cd85ea13c05</tstamps>
    </comp>
    <comp ref="J2">
      <value>Conn_01x04_Male</value>
      <footprint>Connector_PinHeader_2.54mm:PinHeader_1x04_P2.54mm_Vertical</footprint>
      <libsource lib="Connector" part="Conn_01x04_Male" description="Generic connector, single row, 01x04, script generated (kicad-library-utils/schlib/autogen/connector/)"/>
      <property name="Sheetname" value=""/>
      <property name="Sheetfile" value="STM32_PCB.kicad_sch"/>
      <sheetpath names="/" tstamps="/"/>
      <tstamps>7824a92f-b8a4-4fd3-aed2-9fcf6be9ee91</tstamps>
    </comp>
    <comp ref="J3">
      <value>Conn_01x04_Male</value>
      <footprint>Connector_PinHeader_2.54mm:PinHeader_1x04_P2.54mm_Vertical</footprint>
      <libsource lib="Connector" part="Conn_01x04_Male" description="Generic connector, single row, 01x04, script generated (kicad-library-utils/schlib/autogen/connector/)"/>
      <property name="Sheetname" value=""/>
      <property name="Sheetfile" value="STM32_PCB.kicad_sch"/>
      <sheetpath names="/" tstamps="/"/>
      <tstamps>5ac7e70a-b361-4a1c-afc9-543c4dc490dc</tstamps>
    </comp>
    <comp ref="J4">
      <value>Conn_01x04_Male</value>
      <footprint>Connector_PinHeader_2.54mm:PinHeader_1x04_P2.54mm_Vertical</footprint>
      <libsource lib="Connector" part="Conn_01x04_Male" description="Generic connector, single row, 01x04, script generated (kicad-library-utils/schlib/autogen/connector/)"/>
      <property name="Sheetname" value=""/>
      <property name="Sheetfile" value="STM32_PCB.kicad_sch"/>
      <sheetpath names="/" tstamps="/"/>
      <tstamps>b20d749b-8478-4c62-aaad-c80cd618f1d8</tstamps>
    </comp>
    <comp ref="R1">
      <value>1K5</value>
      <footprint>Resistor_SMD:R_0402_1005Metric</footprint>
      <libsource lib="Device" part="R" description="Resistor"/>
      <property name="Sheetname" value=""/>
      <property name="Sheetfile" value="STM32_PCB.kicad_sch"/>
      <sheetpath names="/" tstamps="/"/>
      <tstamps>1bde2afb-7ff5-4c90-9738-f1fbf9e0a8fc</tstamps>
    </comp>
    <comp ref="R2">
      <value>10K</value>
      <footprint>Resistor_SMD:R_0402_1005Metric</footprint>
      <libsource lib="Device" part="R" description="Resistor"/>
      <property name="Sheetname" value=""/>
      <property name="Sheetfile" value="STM32_PCB.kicad_sch"/>
      <sheetpath names="/" tstamps="/"/>
      <tstamps>1015c551-ce0a-4f50-98cd-8a381d5288ad</tstamps>
    </comp>
    <comp ref="R3">
      <value>1K5</value>
      <footprint>Resistor_SMD:R_0402_1005Metric</footprint>
      <libsource lib="Device" part="R" description="Resistor"/>
      <property name="Sheetname" value=""/>
      <property name="Sheetfile" value="STM32_PCB.kicad_sch"/>
      <sheetpath names="/" tstamps="/"/>
      <tstamps>9b60827f-1e16-4b12-a89c-072b1e0e65e3</tstamps>
    </comp>
    <comp ref="R4">
      <value>1K5</value>
      <footprint>Resistor_SMD:R_0402_1005Metric</footprint>
      <libsource lib="Device" part="R" description="Resistor"/>
      <property name="Sheetname" value=""/>
      <property name="Sheetfile" value="STM32_PCB.kicad_sch"/>
      <sheetpath names="/" tstamps="/"/>
      <tstamps>af21c203-4274-428f-980a-b17a186c3db4</tstamps>
    </comp>
    <comp ref="R5">
      <value>1K5</value>
      <footprint>Resistor_SMD:R_0402_1005Metric</footprint>
      <libsource lib="Device" part="R" description="Resistor"/>
      <property name="Sheetname" value=""/>
      <property name="Sheetfile" value="STM32_PCB.kicad_sch"/>
      <sheetpath names="/" tstamps="/"/>
      <tstamps>976075cc-6cca-498f-90e3-cecb9378da0e</tstamps>
    </comp>
    <comp ref="SW1">
      <value>SW_SPDT</value>
      <footprint>Button_Switch_SMD:SW_SPDT_PCM12</footprint>
      <libsource lib="Switch" part="SW_SPDT" description="Switch, single pole double throw"/>
      <property name="Sheetname" value=""/>
      <property name="Sheetfile" value="STM32_PCB.kicad_sch"/>
      <sheetpath names="/" tstamps="/"/>
      <tstamps>c84b740b-b04e-4754-a9fd-dd10a5dd55b7</tstamps>
    </comp>
    <comp ref="U1">
      <value>AMS1117-3.3</value>
      <footprint>Package_TO_SOT_SMD:SOT-223-3_TabPin2</footprint>
      <datasheet>http://www.advanced-monolithic.com/pdf/ds1117.pdf</datasheet>
      <libsource lib="Regulator_Linear" part="AMS1117-3.3" description="1A Low Dropout regulator, positive, 3.3V fixed output, SOT-223"/>
      <property name="Sheetname" value=""/>
      <property name="Sheetfile" value="STM32_PCB.kicad_sch"/>
      <sheetpath names="/" tstamps="/"/>
      <tstamps>b8a9a7ef-200f-4d34-9fc7-47bc2b3f9fe5</tstamps>
    </comp>
    <comp ref="U2">
      <value>STM32F100C8Tx</value>
      <footprint>Package_QFP:LQFP-48_7x7mm_P0.5mm</footprint>
      <datasheet>http://www.st.com/st-web-ui/static/active/en/resource/technical/document/datasheet/CD00251732.pdf</datasheet>
      <libsource lib="MCU_ST_STM32F1" part="STM32F100C8Tx" description="ARM Cortex-M3 MCU, 64KB flash, 8KB RAM, 24MHz, 2-3.6V, 37 GPIO, LQFP-48"/>
      <property name="Sheetname" value=""/>
      <property name="Sheetfile" value="STM32_PCB.kicad_sch"/>
      <sheetpath names="/" tstamps="/"/>
      <tstamps>cc715f6a-0874-4375-a22e-5860f66b54f6</tstamps>
    </comp>
    <comp ref="Y1">
      <value>Crystal_GND24</value>
      <footprint>Crystal:Crystal_SMD_3225-4Pin_3.2x2.5mm</footprint>
      <libsource lib="Device" part="Crystal_GND24" description="Four pin crystal, GND on pins 2 and 4"/>
      <property name="Sheetname" value=""/>
      <property name="Sheetfile" value="STM32_PCB.kicad_sch"/>
      <sheetpath names="/" tstamps="/"/>
      <tstamps>b05fc1fb-f1a5-4ef9-923e-a0eeaf018fdc</tstamps>
    </comp>
  </components>
  <libparts>
    <libpart lib="Connector" part="Conn_01x04_Male">
      <description>Generic connector, single row, 01x04, script generated (kicad-library-utils/schlib/autogen/connector/)</description>
      <docs>~</docs>
      <footprints>
        <fp>Connector*:*_1x??_*</fp>
      </footprints>
      <fields>
        <field name="Reference">J</field>
        <field name="Value">Conn_01x04_Male</field>
        <field name="Datasheet">~</field>
      </fields>
      <pins>
        <pin num="1" name="Pin_1" type="passive"/>
        <pin num="2" name="Pin_2" type="passive"/>
        <pin num="3" name="Pin_3" type="passive"/>
        <pin num="4" name="Pin_4" type="passive"/>
      </pins>
    </libpart>
    <libpart lib="Connector" part="USB_B_Micro">
      <description>USB Micro Type B connector</description>
      <docs>~</docs>
      <footprints>
        <fp>USB*</fp>
      </footprints>
      <fields>
        <field name="Reference">J</field>
        <field name="Value">USB_B_Micro</field>
        <field name="Datasheet">~</field>
      </fields>
      <pins>
        <pin num="1" name="VBUS" type="power_out"/>
        <pin num="2" name="D-" type="bidirectional"/>
        <pin num="3" name="D+" type="bidirectional"/>
        <pin num="4" name="ID" type="passive"/>
        <pin num="5" name="GND" type="power_out"/>
        <pin num="6" name="Shield" type="passive"/>
      </pins>
    </libpart>
    <libpart lib="Device" part="C">
      <description>Unpolarized capacitor</description>
      <docs>~</docs>
      <footprints>
        <fp>C_*</fp>
      </footprints>
      <fields>
        <field name="Reference">C</field>
        <field name="Value">C</field>
        <field name="Datasheet">~</field>
      </fields>
      <pins>
        <pin num="1" name="" type="passive"/>
        <pin num="2" name="" type="passive"/>
      </pins>
    </libpart>
    <libpart lib="Device" part="Crystal_GND24">
      <description>Four pin crystal, GND on pins 2 and 4</description>
      <docs>~</docs>
      <footprints>
        <fp>Crystal*</fp>
      </footprints>
      <fields>
        <field name="Reference">Y</field>
        <field name="Value">Crystal_GND24</field>
        <field name="Datasheet">~</field>
      </fields>
      <pins>
        <pin num="1" name="1" type="passive"/>
        <pin num="2" name="2" type="passive"/>
        <pin num="3" name="3" type="passive"/>
        <pin num="4" name="4" type="passive"/>
      </pins>
    </libpart>
    <libpart lib="Device" part="FerriteBead_Small">
      <description>Ferrite bead, small symbol</description>
      <docs>~</docs>
      <footprints>
        <fp>Inductor_*</fp>
        <fp>L_*</fp>
        <fp>*Ferrite*</fp>
      </footprints>
      <fields>
        <field name="Reference">FB</field>
        <field name="Value">FerriteBead_Small</field>
        <field name="Datasheet">~</field>
      </fields>
      <pins>
        <pin num="1" name="" type="passive"/>
        <pin num="2" name="" type="passive"/>
      </pins>
    </libpart>
    <libpart lib="Device" part="LED">
      <description>Light emitting diode</description>
      <docs>~</docs>
      <footprints>
        <fp>LED*</fp>
        <fp>LED_SMD:*</fp>
        <fp>LED_THT:*</fp>
      </footprints>
      <fields>
        <field name="Reference">D</field>
        <field name="Value">LED</field>
        <field name="Datasheet">~</field>
      </fields>
      <pins>
        <pin num="1" name="K" type="passive"/>
        <pin num="2" name="A" type="passive"/>
      </pins>
    </libpart>
    <libpart lib="Device" part="R">
      <description>Resistor</description>
      <docs>~</docs>
      <footprints>
        <fp>R_*</fp>
      </footprints>
      <fields>
        <field name="Reference">R</field>
        <field name="Value">R</field>
        <field name="Datasheet">~</field>
      </fields>
      <pins>
        <pin num="1" name="" type="passive"/>
        <pin num="2" name="" type="passive"/>
      </pins>
    </libpart>
    <libpart lib="MCU_ST_STM32F1" part="STM32F100C8Tx">
      <description>ARM Cortex-M3 MCU, 64KB flash, 8KB RAM, 24MHz, 2-3.6V, 37 GPIO, LQFP-48</description>
      <docs>http://www.st.com/st-web-ui/static/active/en/resource/technical/document/datasheet/CD00251732.pdf</docs>
      <footprints>
        <fp>LQFP*7x7mm*P0.5mm*</fp>
      </footprints>
      <fields>
        <field name="Reference">U</field>
        <field name="Value">STM32F100C8Tx</field>
        <field name="Footprint">Package_QFP:LQFP-48_7x7mm_P0.5mm</field>
        <field name="Datasheet">http://www.st.com/st-web-ui/static/active/en/resource/technical/document/datasheet/CD00251732.pdf</field>
      </fields>
      <pins>
        <pin num="1" name="VBAT" type="power_in"/>
        <pin num="2" name="PC13" type="bidirectional"/>
        <pin num="3" name="PC14" type="bidirectional"/>
        <pin num="4" name="PC15" type="bidirectional"/>
        <pin num="5" name="PD0" type="input"/>
        <pin num="6" name="PD1" type="input"/>
        <pin num="7" name="NRST" type="input"/>
        <pin num="8" name="VSSA" type="power_in"/>
        <pin num="9" name="VDDA" type="power_in"/>
        <pin num="10" name="PA0" type="bidirectional"/>
        <pin num="11" name="PA1" type="bidirectional"/>
        <pin num="12" name="PA2" type="bidirectional"/>
        <pin num="13" name="PA3" type="bidirectional"/>
        <pin num="14" name="PA4" type="bidirectional"/>
        <pin num="15" name="PA5" type="bidirectional"/>
        <pin num="16" name="PA6" type="bidirectional"/>
        <pin num="17" name="PA7" type="bidirectional"/>
        <pin num="18" name="PB0" type="bidirectional"/>
        <pin num="19" name="PB1" type="bidirectional"/>
        <pin num="20" name="PB2" type="bidirectional"/>
        <pin num="21" name="PB10" type="bidirectional"/>
        <pin num="22" name="PB11" type="bidirectional"/>
        <pin num="23" name="VSS" type="power_in"/>
        <pin num="24" name="VDD" type="power_in"/>
        <pin num="25" name="PB12" type="bidirectional"/>
        <pin num="26" name="PB13" type="bidirectional"/>
        <pin num="27" name="PB14" type="bidirectional"/>
        <pin num="28" name="PB15" type="bidirectional"/>
        <pin num="29" name="PA8" type="bidirectional"/>
        <pin num="30" name="PA9" type="bidirectional"/>
        <pin num="31" name="PA10" type="bidirectional"/>
        <pin num="32" name="PA11" type="bidirectional"/>
        <pin num="33" name="PA12" type="bidirectional"/>
        <pin num="34" name="PA13" type="bidirectional"/>
        <pin num="35" name="VSS" type="power_in"/>
        <pin num="36" name="VDD" type="power_in"/>
        <pin num="37" name="PA14" type="bidirectional"/>
        <pin num="38" name="PA15" type="bidirectional"/>
        <pin num="39" name="PB3" type="bidirectional"/>
        <pin num="40" name="PB4" type="bidirectional"/>
        <pin num="41" name="PB5" type="bidirectional"/>
        <pin num="42" name="PB6" type="bidirectional"/>
        <pin num="43" name="PB7" type="bidirectional"/>
        <pin num="44" name="BOOT0" type="input"/>
        <pin num="45" name="PB8" type="bidirectional"/>
        <pin num="46" name="PB9" type="bidirectional"/>
        <pin num="47" name="VSS" type="power_in"/>
        <pin num="48" name="VDD" type="power_in"/>
      </pins>
    </libpart>
    <libpart lib="Mechanical" part="MountingHole">
      <description>Mounting Hole without connection</description>
      <docs>~</docs>
      <footprints>
        <fp>MountingHole*</fp>
      </footprints>
      <fields>
        <field name="Reference">H</field>
        <field name="Value">MountingHole</field>
        <field name="Datasheet">~</field>
      </fields>
    </libpart>
    <libpart lib="Regulator_Linear" part="AMS1117-3.3">
      <description>1A Low Dropout regulator, positive, 3.3V fixed output, SOT-223</description>
      <docs>http://www.advanced-monolithic.com/pdf/ds1117.pdf</docs>
      <footprints>
        <fp>SOT?223*TabPin2*</fp>
      </footprints>
      <fields>
        <field name="Reference">U</field>
        <field name="Value">AMS1117-3.3</field>
        <field name="Footprint">Package_TO_SOT_SMD:SOT-223-3_TabPin2</field>
        <field name="Datasheet">http://www.advanced-monolithic.com/pdf/ds1117.pdf</field>
      </fields>
      <pins>
        <pin num="1" name="GND" type="power_in"/>
        <pin num="2" name="VO" type="power_out"/>
        <pin num="3" name="VI" type="power_in"/>
      </pins>
    </libpart>
    <libpart lib="Switch" part="SW_SPDT">
      <description>Switch, single pole double throw</description>
      <docs>~</docs>
      <fields>
        <field name="Reference">SW</field>
        <field name="Value">SW_SPDT</field>
        <field name="Datasheet">~</field>
      </fields>
      <pins>
        <pin num="1" name="A" type="passive"/>
        <pin num="2" name="B" type="passive"/>
        <pin num="3" name="C" type="passive"/>
      </pins>
    </libpart>
  </libparts>
  <libraries>
    <library logical="Connector">
      <uri>/Applications/KiCad/KiCad.app/Contents/SharedSupport/symbols//Connector.kicad_sym</uri>
    </library>
    <library logical="Device">
      <uri>/Applications/KiCad/KiCad.app/Contents/SharedSupport/symbols//Device.kicad_sym</uri>
    </library>
    <library logical="MCU_ST_STM32F1">
      <uri>/Applications/KiCad/KiCad.app/Contents/SharedSupport/symbols//MCU_ST_STM32F1.kicad_sym</uri>
    </library>
    <library logical="Mechanical">
      <uri>/Applications/KiCad/KiCad.app/Contents/SharedSupport/symbols//Mechanical.kicad_sym</uri>
    </library>
    <library logical="Regulator_Linear">
      <uri>/Applications/KiCad/KiCad.app/Contents/SharedSupport/symbols//Regulator_Linear.kicad_sym</uri>
    </library>
    <library logical="Switch">
      <uri>/Applications/KiCad/KiCad.app/Contents/SharedSupport/symbols//Switch.kicad_sym</uri>
    </library>
  </libraries>
  <nets>
    <net code="1" name="+3.3V">
      <node ref="C10" pin="1" pintype="passive"/>
      <node ref="C2" pin="1" pintype="passive"/>
      <node ref="C3" pin="1" pintype="passive"/>
      <node ref="C4" pin="1" pintype="passive"/>
      <node ref="C5" pin="1" pintype="passive"/>
      <node ref="C6" pin="1" pintype="passive"/>
      <node ref="C7" pin="1" pintype="passive"/>
      <node ref="D1" pin="2" pinfunction="A" pintype="passive"/>
      <node ref="FB1" pin="2" pintype="passive"/>
      <node ref="J2" pin="1" pinfunction="Pin_1" pintype="passive"/>
      <node ref="J3" pin="1" pinfunction="Pin_1" pintype="passive"/>
      <node ref="J4" pin="1" pinfunction="Pin_1" pintype="passive"/>
      <node ref="R3" pin="1" pintype="passive"/>
      <node ref="R4" pin="1" pintype="passive"/>
      <node ref="R5" pin="1" pintype="passive"/>
      <node ref="SW1" pin="3" pinfunction="C" pintype="passive"/>
      <node ref="U1" pin="2" pinfunction="VO" pintype="power_out"/>
      <node ref="U2" pin="1" pinfunction="VBAT" pintype="power_in"/>
      <node ref="U2" pin="24" pinfunction="VDD" pintype="power_in"/>
      <node ref="U2" pin="36" pinfunction="VDD" pintype="power_in"/>
      <node ref="U2" pin="48" pinfunction="VDD" pintype="power_in"/>
    </net>
    <net code="2" name="+3.3VA">
      <node ref="C8" pin="1" pintype="passive"/>
      <node ref="C9" pin="1" pintype="passive"/>
      <node ref="FB1" pin="1" pintype="passive"/>
      <node ref="U2" pin="9" pinfunction="VDDA" pintype="power_in"/>
    </net>
    <net code="3" name="/BOOTO">
      <node ref="R2" pin="2" pintype="passive"/>
      <node ref="U2" pin="44" pinfunction="BOOT0" pintype="input"/>
    </net>
    <net code="4" name="/I2C2_SCL">
      <node ref="J4" pin="2" pinfunction="Pin_2" pintype="passive"/>
      <node ref="R5" pin="2" pintype="passive"/>
      <node ref="U2" pin="21" pinfunction="PB10" pintype="bidirectional"/>
    </net>
    <net code="5" name="/I2C2_SDA">
      <node ref="J4" pin="3" pinfunction="Pin_3" pintype="passive"/>
      <node ref="R4" pin="2" pintype="passive"/>
      <node ref="U2" pin="22" pinfunction="PB11" pintype="bidirectional"/>
    </net>
    <net code="6" name="/NRST">
      <node ref="C11" pin="1" pintype="passive"/>
      <node ref="U2" pin="7" pinfunction="NRST" pintype="input"/>
    </net>
    <net code="7" name="/PWR_LED_K">
      <node ref="D1" pin="1" pinfunction="K" pintype="passive"/>
      <node ref="R1" pin="2" pintype="passive"/>
    </net>
    <net code="8" name="/SCLK">
      <node ref="J3" pin="3" pinfunction="Pin_3" pintype="passive"/>
      <node ref="U2" pin="37" pinfunction="PA14" pintype="bidirectional"/>
    </net>
    <net code="9" name="/SUART1_RX">
      <node ref="J2" pin="3" pinfunction="Pin_3" pintype="passive"/>
      <node ref="U2" pin="43" pinfunction="PB7" pintype="bidirectional"/>
    </net>
    <net code="10" name="/SUART1_TX">
      <node ref="J2" pin="2" pinfunction="Pin_2" pintype="passive"/>
      <node ref="U2" pin="42" pinfunction="PB6" pintype="bidirectional"/>
    </net>
    <net code="11" name="/SWDIO">
      <node ref="J3" pin="2" pinfunction="Pin_2" pintype="passive"/>
      <node ref="U2" pin="34" pinfunction="PA13" pintype="bidirectional"/>
    </net>
    <net code="12" name="/SW_BOOTO">
      <node ref="R2" pin="1" pintype="passive"/>
      <node ref="SW1" pin="2" pinfunction="B" pintype="passive"/>
    </net>
    <net code="13" name="/USB_D+">
      <node ref="J1" pin="3" pinfunction="D+" pintype="bidirectional"/>
      <node ref="R3" pin="2" pintype="passive"/>
      <node ref="U2" pin="33" pinfunction="PA12" pintype="bidirectional"/>
    </net>
    <net code="14" name="/USB_D-">
      <node ref="J1" pin="2" pinfunction="D-" pintype="bidirectional"/>
      <node ref="U2" pin="32" pinfunction="PA11" pintype="bidirectional"/>
    </net>
    <net code="15" name="/hse_in">
      <node ref="C13" pin="1" pintype="passive"/>
      <node ref="U2" pin="5" pinfunction="PD0" pintype="input"/>
      <node ref="Y1" pin="1" pinfunction="1" pintype="passive"/>
    </net>
    <net code="16" name="/hse_out">
      <node ref="C12" pin="1" pintype="passive"/>
      <node ref="U2" pin="6" pinfunction="PD1" pintype="input"/>
      <node ref="Y1" pin="3" pinfunction="3" pintype="passive"/>
    </net>
    <net code="17" name="GND">
      <node ref="C1" pin="2" pintype="passive"/>
      <node ref="C10" pin="2" pintype="passive"/>
      <node ref="C11" pin="2" pintype="passive"/>
      <node ref="C12" pin="2" pintype="passive"/>
      <node ref="C13" pin="2" pintype="passive"/>
      <node ref="C2" pin="2" pintype="passive"/>
      <node ref="C3" pin="2" pintype="passive"/>
      <node ref="C4" pin="2" pintype="passive"/>
      <node ref="C5" pin="2" pintype="passive"/>
      <node ref="C6" pin="2" pintype="passive"/>
      <node ref="C7" pin="2" pintype="passive"/>
      <node ref="C8" pin="2" pintype="passive"/>
      <node ref="C9" pin="2" pintype="passive"/>
      <node ref="J1" pin="5" pinfunction="GND" pintype="power_out"/>
      <node ref="J2" pin="4" pinfunction="Pin_4" pintype="passive"/>
      <node ref="J3" pin="4" pinfunction="Pin_4" pintype="passive"/>
      <node ref="J4" pin="4" pinfunction="Pin_4" pintype="passive"/>
      <node ref="R1" pin="1" pintype="passive"/>
      <node ref="SW1" pin="1" pinfunction="A" pintype="passive"/>
      <node ref="U1" pin="1" pinfunction="GND" pintype="power_in"/>
      <node ref="U2" pin="23" pinfunction="VSS" pintype="power_in"/>
      <node ref="U2" pin="35" pinfunction="VSS" pintype="power_in"/>
      <node ref="U2" pin="47" pinfunction="VSS" pintype="power_in"/>
      <node ref="U2" pin="8" pinfunction="VSSA" pintype="power_in"/>
      <node ref="Y1" pin="2" pinfunction="2" pintype="passive"/>
      <node ref="Y1" pin="4" pinfunction="4" pintype="passive"/>
    </net>
    <net code="18" name="VBUS">
      <node ref="C1" pin="1" pintype="passive"/>
      <node ref="J1" pin="1" pinfunction="VBUS" pintype="power_out"/>
      <node ref="U1" pin="3" pinfunction="VI" pintype="power_in"/>
    </net>
    <net code="19" name="unconnected-(J1-Pad4)">
      <node ref="J1" pin="4" pinfunction="ID" pintype="passive+no_connect"/>
    </net>
    <net code="20" name="unconnected-(J1-Pad6)">
      <node ref="J1" pin="6" pinfunction="Shield" pintype="passive+no_connect"/>
    </net>
    <net code="21" name="unconnected-(U2-Pad2)">
      <node ref="U2" pin="2" pinfunction="PC13" pintype="bidirectional+no_connect"/>
    </net>
    <net code="22" name="unconnected-(U2-Pad3)">
      <node ref="U2" pin="3" pinfunction="PC14" pintype="bidirectional+no_connect"/>
    </net>
    <net code="23" name="unconnected-(U2-Pad4)">
      <node ref="U2" pin="4" pinfunction="PC15" pintype="bidirectional+no_connect"/>
    </net>
    <net code="24" name="unconnected-(U2-Pad10)">
      <node ref="U2" pin="10" pinfunction="PA0" pintype="bidirectional+no_connect"/>
    </net>
    <net code="25" name="unconnected-(U2-Pad11)">
      <node ref="U2" pin="11" pinfunction="PA1" pintype="bidirectional+no_connect"/>
    </net>
    <net code="26" name="unconnected-(U2-Pad12)">
      <node ref="U2" pin="12" pinfunction="PA2" pintype="bidirectional+no_connect"/>
    </net>
    <net code="27" name="unconnected-(U2-Pad13)">
      <node ref="U2" pin="13" pinfunction="PA3" pintype="bidirectional+no_connect"/>
    </net>
    <net code="28" name="unconnected-(U2-Pad14)">
      <node ref="U2" pin="14" pinfunction="PA4" pintype="bidirectional+no_connect"/>
    </net>
    <net code="29" name="unconnected-(U2-Pad15)">
      <node ref="U2" pin="15" pinfunction="PA5" pintype="bidirectional+no_connect"/>
    </net>
    <net code="30" name="unconnected-(U2-Pad16)">
      <node ref="U2" pin="16" pinfunction="PA6" pintype="bidirectional+no_connect"/>
    </net>
    <net code="31" name="unconnected-(U2-Pad17)">
      <node ref="U2" pin="17" pinfunction="PA7" pintype="bidirectional+no_connect"/>
    </net>
    <net code="32" name="unconnected-(U2-Pad18)">
      <node ref="U2" pin="18" pinfunction="PB0" pintype="bidirectional+no_connect"/>
    </net>
    <net code="33" name="unconnected-(U2-Pad19)">
      <node ref="U2" pin="19" pinfunction="PB1" pintype="bidirectional+no_connect"/>
    </net>
    <net code="34" name="unconnected-(U2-Pad20)">
      <node ref="U2" pin="20" pinfunction="PB2" pintype="bidirectional+no_connect"/>
    </net>
    <net code="35" name="unconnected-(U2-Pad25)">
      <node ref="U2" pin="25" pinfunction="PB12" pintype="bidirectional+no_connect"/>
    </net>
    <net code="36" name="unconnected-(U2-Pad26)">
      <node ref="U2" pin="26" pinfunction="PB13" pintype="bidirectional+no_connect"/>
    </net>
    <net code="37" name="unconnected-(U2-Pad27)">
      <node ref="U2" pin="27" pinfunction="PB14" pintype="bidirectional+no_connect"/>
    </net>
    <net code="38" name="unconnected-(U2-Pad28)">
      <node ref="U2" pin="28" pinfunction="PB15" pintype="bidirectional+no_connect"/>
    </net>
    <net code="39" name="unconnected-(U2-Pad29)">
      <node ref="U2" pin="29" pinfunction="PA8" pintype="bidirectional+no_connect"/>
    </net>
    <net code="40" name="unconnected-(U2-Pad30)">
      <node ref="U2" pin="30" pinfunction="PA9" pintype="bidirectional+no_connect"/>
    </net>
    <net code="41" name="unconnected-(U2-Pad31)">
      <node ref="U2" pin="31" pinfunction="PA10" pintype="bidirectional+no_connect"/>
    </net>
    <net code="42" name="unconnected-(U2-Pad38)">
      <node ref="U2" pin="38" pinfunction="PA15" pintype="bidirectional+no_connect"/>
    </net>
    <net code="43" name="unconnected-(U2-Pad39)">
      <node ref="U2" pin="39" pinfunction="PB3" pintype="bidirectional+no_connect"/>
    </net>
    <net code="44" name="unconnected-(U2-Pad40)">
      <node ref="U2" pin="40" pinfunction="PB4" pintype="bidirectional+no_connect"/>
    </net>
    <net code="45" name="unconnected-(U2-Pad41)">
      <node ref="U2" pin="41" pinfunction="PB5" pintype="bidirectional+no_connect"/>
    </net>
    <net code="46" name="unconnected-(U2-Pad45)">
      <node ref="U2" pin="45" pinfunction="PB8" pintype="bidirectional+no_connect"/>
    </net>
    <net code="47" name="unconnected-(U2-Pad46)">
      <node ref="U2" pin="46" pinfunction="PB9" pintype="bidirectional+no_connect"/>
    </net>
  </nets>
</export>
